City,Lat,Lng,Max Temp,Humidity,Cloudiness,Wind Speed,Country,Date
Vigan,17.57,120.39,301.15,78,75,2.1,PH,1601434451
Vailhac,45.1,3.58,277.02,95,0,1.06,FR,1601434452
Grän,47.5,10.55,281.48,88,69,0.96,AT,1601434452
Toride,35.9,140.08,300.93,62,0,0.89,JP,1601434453
Little Dewchurch,51.98,-2.68,282.59,95,70,3.34,GB,1601434453
Dumbéa,-22.15,166.45,297.15,50,75,8.2,NC,1601434453
Les Verrières,46.91,6.47,282.15,100,100,0.73,CH,1601434454
Pieria,40.25,22.42,288.15,69,0,0.45,GR,1601434454
Bourgvallées,49.05,-1.13,287.15,100,75,2.1,FR,1601434454
La Vacquerie,49.09,-0.86,287.15,100,75,2.1,FR,1601434454
Sommerkahl,50.07,9.27,284.82,89,98,0.8,DE,1601434455
Zafarābād,25.7,82.73,300.15,78,20,1.5,IN,1601434455
Parbasdorf,48.28,16.6,286.48,82,20,6.2,AT,1601434455
Lidian,31.22,113.76,297.15,69,0,4.0,CN,1601434456
Babintsy,49.42,24.62,286.15,93,75,5.0,UA,1601434456
Casal,41.09,-8.09,286.48,8,47,0.08,PT,1601434456
Codford,51.15,-2.05,281.15,93,79,2.1,GB,1601434456
Esgos,42.33,-7.7,285.37,77,0,0.59,ES,1601434457
Mezzolombardo,46.21,11.1,279.26,89,91,1.04,IT,1601434457
Gornac,44.67,-0.18,282.59,57,0,0.81,FR,1601434457
Vārpas,56.71,24.35,279.15,100,0,1.0,LV,1601434457
Moult,49.11,-0.16,287.15,100,75,2.1,FR,1601434458
Sankt Georgen am Ybbsfelde,48.13,14.95,284.26,93,90,1.95,AT,1601434458
Ribeiros,41.48,-8.13,287.59,78,2,0.49,PT,1601434458
Benteng,-8.36,118.92,303.33,60,100,4.68,ID,1601434459
Llangattock Lingoed,51.88,-2.93,282.59,95,72,3.14,GB,1601434459
Grants,35.15,-107.85,287.15,14,1,4.1,US,1601434459
Altay,47.87,88.12,276.65,74,93,1.85,CN,1601434460
Hollnseth,53.58,9.1,286.48,93,67,2.1,DE,1601434460
Saint-Jean-du-Cardonnay,49.5,1.02,287.59,100,90,3.1,FR,1601434460
Folgoso do Courel,42.61,-7.16,285.37,77,0,0.59,ES,1601434460
Tepeyanco,19.25,-98.23,282.01,79,100,5.3,MX,1601434461
Casarrubuelos,40.17,-3.83,290.93,62,99,0.58,ES,1601434461
Kure,34.23,132.57,297.04,73,40,2.1,JP,1601434461
Pogórze,54.56,18.48,287.04,93,20,0.5,PL,1601434462
High Camp,-37.18,144.9,284.82,90,100,0.89,AU,1601434462
Châtillon-sur-Cluses,46.09,6.59,281.15,100,90,0.5,FR,1601434462
Imogwu,4.98,6.94,296.15,100,75,1.5,NG,1601434463
Grzybowa Góra,51.13,20.96,284.82,84,100,5.59,PL,1601434463
Maud,35.13,-96.78,291.15,59,1,1.5,US,1601434463
Sulz,47.29,9.65,284.15,93,66,0.5,AT,1601434463
Blyth,55.12,-1.54,283.15,87,60,3.1,GB,1601434464
Peting,-7.18,111.46,305.57,48,2,0.79,ID,1601434464
Fairhope,40.11,-79.84,285.93,93,100,3.06,US,1601434464
Durón,40.63,-2.73,284.82,76,100,2.1,ES,1601434465
Zarzecze,49.72,19.18,282.59,3,100,4.47,PL,1601434465
Metlakatla,54.33,-130.44,288.15,87,1,3.71,CA,1601434465
Montcada i Reixac,41.5,2.18,290.37,81,0,2.24,ES,1601434466
Can-asujan,10.13,123.66,303.15,70,40,1.0,PH,1601434466
Gondenbrett,50.23,6.42,285.37,100,90,1.14,DE,1601434466
"Real de San Vicente, El",40.17,-4.68,282.59,67,99,1.14,ES,1601434466
Bayeux,-7.12,-34.93,296.15,88,20,1.5,BR,1601434467
Oberhausen,48.72,11.1,284.15,93,75,0.5,DE,1601434467
Fresno del Río,42.68,-4.82,285.93,91,0,0.47,ES,1601434467
Beychac,44.88,-0.4,284.82,93,20,1.0,FR,1601434468
Bondo,46.0,10.69,284.82,85,100,0.62,IT,1601434468
Farmington,36.04,-94.25,288.15,81,1,2.6,US,1601434468
Retterath,50.27,7.02,285.37,93,99,1.5,DE,1601434468
Gurkovo,42.67,25.8,287.15,58,40,6.2,BG,1601434468
Taiwan,24.0,121.0,301.48,65,75,7.7,TW,1601434469
Rakovica,44.74,20.44,285.15,87,89,3.1,RS,1601434469
Kup,50.81,17.88,284.22,94,100,3.21,PL,1601434469
Karangsari,-7.45,108.08,300.2,69,73,2.33,ID,1601434470
Groß-Engersdorf,48.35,16.58,286.48,75,99,3.13,AT,1601434470
Coswig,51.88,12.45,279.82,79,0,1.4,DE,1601434470
Hangyásmál,46.37,17.8,285.93,87,99,2.6,HU,1601434470
Baie-Sainte-Catherine,48.11,-69.73,286.36,93,90,3.16,CA,1601434471
Isthmia,37.91,23.0,293.71,49,20,5.0,GR,1601434471
Flins-sur-Seine,48.97,1.87,288.15,87,67,3.1,FR,1601434471
Cochrane,51.18,-114.47,284.26,71,90,3.1,CA,1601434471
Nwoya,2.63,32.0,290.64,98,81,1.36,UG,1601434472
Nieporęt,52.43,21.03,285.93,89,94,1.34,PL,1601434472
Bigues i Riells,41.68,2.23,289.82,93,0,1.0,ES,1601434472
Kabara,16.7,-2.98,307.84,24,66,3.17,ML,1601434473
Karīmganj,24.87,92.35,302.11,83,95,0.83,IN,1601434473
Karangrejo,-6.95,112.56,305.13,51,58,1.22,ID,1601434473
Rozino,42.7,24.55,286.15,66,40,5.1,BG,1601434474
Sobakino,54.93,41.55,283.24,69,100,4.16,RU,1601434474
Shenzhai,33.24,113.87,294.71,64,24,2.3,CN,1601434474
Bagalkot,16.18,75.7,297.0,83,86,3.87,IN,1601434474
Saint-Roch-sur-Égrenne,48.58,-0.75,288.15,93,90,2.6,FR,1601434475
Nacogdoches,31.6,-94.66,288.71,87,1,0.42,US,1601434238
Rýmařov,49.93,17.27,283.15,98,100,1.86,CZ,1601434475
Kardzhali,41.65,25.37,288.15,60,0,2.18,BG,1601434475
Rājāpur,25.38,81.15,300.94,50,0,2.56,IN,1601434476
Radomireşti,44.12,24.68,284.26,81,0,5.7,RO,1601434476
Água Longa,41.25,-8.49,286.48,100,0,0.52,PT,1601434476
Langenbach,48.43,11.84,283.71,93,75,2.1,DE,1601434477
Sarow,53.8,13.1,283.71,93,20,1.0,DE,1601434477
Van,38.49,43.38,282.15,58,0,2.1,TR,1601434477
Gyeongju,35.84,129.21,295.15,56,40,0.5,KR,1601434478
Gvardeysk,54.65,21.07,283.15,93,93,2.0,RU,1601434478
Koningsbosch,51.05,5.96,288.15,93,75,1.0,NL,1601434478
Úri,47.41,19.53,285.15,87,40,5.1,HU,1601434478
Lucknow,43.95,-81.52,284.82,94,100,1.34,CA,1601434478
Dakota Dunes,42.49,-96.49,293.15,42,75,2.6,US,1601434479
Stantsiya Kzyl,49.63,72.97,272.15,86,0,3.0,KZ,1601434479
Al Khānkah,30.21,31.37,298.15,88,40,3.1,EG,1601434331
Loring AFB,46.94,-67.89,293.15,82,75,4.1,US,1601434479
Franklin Grove,41.84,-89.3,284.82,93,1,2.1,US,1601434480
Yandyki,45.77,47.13,288.94,54,93,7.46,RU,1601434480
Arapiraca,-9.75,-36.66,291.84,94,0,2.56,BR,1601434397
Andong,30.27,121.22,299.26,57,20,5.0,CN,1601434481
Leun,50.55,8.36,284.82,97,69,0.37,DE,1601434481
Le Mesnil-Durand,49.05,0.14,287.59,100,90,2.1,FR,1601434481
Campana,-34.17,-58.96,290.37,77,0,3.1,AR,1601434481
Padampur,20.98,83.07,301.11,68,80,1.6,IN,1601434482
Montillana,37.5,-3.67,289.82,57,90,0.7,ES,1601434482
Fonollosa,41.76,1.67,285.93,86,0,0.76,ES,1601434482
Hidaybu,12.5,54.01,294.5,92,20,2.22,YE,1601434482
Al Fandaqūmīyah,32.32,35.2,298.15,83,0,2.1,PS,1601434483
Karlsruhe,49.0,8.39,284.82,90,73,1.56,DE,1601434370
Tiny,56.12,96.89,274.75,84,14,2.11,RU,1601434483
East Ayrshire,55.5,-4.25,285.15,76,20,3.6,GB,1601434484
Le Mont-sur-Lausanne,46.56,6.64,280.37,96,99,0.45,CH,1601434484
Niederkrüchten,51.2,6.22,287.04,95,75,2.6,DE,1601434484
Pueblo Viejo,8.25,-81.67,295.71,96,100,0.96,PA,1601434484
Pongo,2.87,9.98,295.16,94,99,1.37,CM,1601434485
Crystal City,38.22,-90.38,286.48,94,32,2.61,US,1601434485
Buln Buln East,-38.08,146.0,292.59,69,100,1.34,AU,1601434485
Sonnefeld,50.22,11.13,284.82,98,100,1.01,DE,1601434486
Eidsvåg,62.78,8.07,284.15,93,98,4.6,NO,1601434486
Montmain,49.42,1.25,287.59,100,90,3.1,FR,1601434486
San Raimundo,14.76,-90.6,292.59,93,40,4.1,GT,1601434486
Cincu,45.92,24.8,284.15,76,40,4.6,RO,1601434487
Beaux,45.19,4.09,281.48,100,0,2.1,FR,1601434487
Cagayan Valley,17.66,121.73,303.43,69,100,1.73,PH,1601434487
Gaildorf,49.0,9.77,283.71,100,100,1.5,DE,1601434488
Judenbach,50.4,11.22,284.82,85,100,1.39,DE,1601434488
Malay,11.9,121.91,302.22,72,100,4.02,PH,1601434216
Sande,59.59,10.21,285.37,33,100,1.34,NO,1601434488
Queimados,-22.72,-43.56,298.15,73,75,2.6,BR,1601434444
Eden,-37.07,149.9,290.15,67,100,4.6,AU,1601434489
Beller,51.7,9.23,286.48,95,28,1.45,DE,1601434489
Gouria,38.47,21.27,288.15,93,20,1.31,GR,1601434489
Uspenka,56.8,69.23,277.37,72,44,3.03,RU,1601434490
Perelyub,51.87,50.37,283.81,62,85,3.79,RU,1601434490
Mühlhausen,49.17,11.45,284.15,87,90,2.6,DE,1601434490
Villanueva,5.28,-71.97,297.11,86,42,1.59,CO,1601434491
Gmina Krotoszyn,51.7,17.44,287.04,97,100,2.44,PL,1601434491
Kilis Province,36.73,37.14,292.15,55,0,0.5,TR,1601434491
Woolamai,-38.5,145.5,292.59,75,86,5.71,AU,1601434491
Río Limpio,19.25,-71.53,298.15,84,85,1.34,DO,1601434492
Rübeland,51.75,10.83,285.37,99,95,1.24,DE,1601434492
Tosontsengel,48.76,98.28,274.36,84,100,3.41,MN,1601434493
Sankt Martin bei Lofer,47.57,12.7,283.15,100,75,1.5,AT,1601434493
Gottfrieding,48.65,12.53,284.26,97,91,1.79,DE,1601434493
Las Terrenas,19.31,-69.54,299.28,83,100,2.82,DO,1601434317
Gniezno,52.53,17.58,285.93,93,100,1.79,PL,1601434493
Sourbrodt,50.48,6.11,286.48,100,98,1.0,BE,1601434494
Hurt,37.09,-79.3,288.15,100,90,3.1,US,1601434494
Tanshan,36.38,106.3,285.73,74,85,4.48,CN,1601434494
Gdów,49.91,20.2,285.93,99,100,0.89,PL,1601434494
Arkhonskaya,43.11,44.51,280.15,100,100,0.61,RU,1601434495
Bionaz,45.87,7.42,281.15,100,44,1.5,IT,1601434495
Stuer,53.38,12.34,282.04,99,5,1.53,DE,1601434495
Drohne,52.43,8.33,285.37,92,89,0.89,DE,1601434495
Chayan,43.03,69.38,285.12,38,100,5.14,KZ,1601434496
Egilsstadir,65.27,-14.39,281.15,87,90,3.6,IS,1601434496
Gmina Nowy Tomyśl,52.31,16.13,286.48,93,78,2.51,PL,1601434496
Tramandaí,-29.98,-50.13,290.19,85,48,6.97,BR,1601434496
Vaikam,9.77,76.4,298.15,94,40,1.5,IN,1601434497
Villa de El Carmen Tequexquitla,19.33,-97.65,280.58,84,98,3.1,MX,1601434497
Santiago,14.02,121.28,305.37,79,20,4.6,PH,1601434498
Pasir Penambang,3.35,101.25,302.15,74,20,1.0,MY,1601434498
Adâncata,44.77,26.43,284.26,100,20,3.6,RO,1601434498
Sangaree,33.04,-80.13,291.48,100,90,4.48,US,1601434498
Deighton,53.9,-1.05,282.59,93,68,2.6,GB,1601434499
Nyíradony,47.7,21.92,284.15,93,75,3.1,HU,1601434499
Pratola Serra,40.99,14.85,283.15,87,5,6.2,IT,1601434499
Kavslunde,55.48,9.81,286.48,100,53,2.6,DK,1601434499
Catarman,12.4,124.63,304.59,63,100,2.84,PH,1601434500
Lütjensee,53.65,10.37,287.04,92,99,1.7,DE,1601434500
Rastenfeld,48.57,15.36,283.71,93,54,3.8,AT,1601434500
Campos Belos,-13.04,-46.77,301.23,19,0,3.12,BR,1601434501
Veghel,51.62,5.55,287.59,100,75,2.6,NL,1601434501
Gourbesville,49.42,-1.42,287.59,93,90,3.1,FR,1601434501
Zagreb County,45.75,16.08,285.93,87,0,2.6,HR,1601434502
Samokov,41.68,21.14,285.15,93,75,1.05,MK,1601434502
Ligny-le-Châtel,47.9,3.76,288.15,93,90,1.5,FR,1601434502
Varennes-sur-Tèche,46.33,3.63,282.04,100,90,0.95,FR,1601434502
Viroqua,43.56,-90.89,284.15,87,90,1.5,US,1601434503
Dolna Belica,41.68,21.28,285.15,93,75,0.7,MK,1601434503
Aipi,23.23,114.64,303.22,74,23,1.08,CN,1601434503
Vignogn,46.69,9.14,277.59,93,97,0.63,CH,1601434504
Meeder,50.32,10.92,284.82,98,100,1.1,DE,1601434504
Malabago,15.97,120.35,303.53,68,100,1.55,PH,1601434504
São Roque,40.87,-8.47,288.71,98,50,0.6,PT,1601434505
Casablanca,33.59,-7.56,294.82,100,75,1.0,MA,1601434505
Avinashi,11.2,77.28,297.15,88,40,3.6,IN,1601434505
Campbell,36.49,-90.08,285.93,87,1,1.5,US,1601434506
Barry,42.6,-85.32,285.37,99,8,3.44,US,1601434506
Copanatoyac,17.25,-98.75,290.67,80,99,1.78,MX,1601434506
La Bazoge,48.1,0.16,288.15,93,90,1.0,FR,1601434506
Jägershof,49.3,13.02,283.15,99,64,1.34,DE,1601434507
Bell Bay,-41.12,146.87,285.93,87,100,6.93,AU,1601434507
Berriwillock,-35.63,143.0,292.45,60,100,5.98,AU,1601434507
Hygiene,40.19,-105.18,290.93,39,1,2.6,US,1601434508
Roshchino,60.25,29.61,284.26,95,68,2.44,RU,1601434508
Ostān-e Gīlān,37.17,49.5,288.73,61,0,1.49,IR,1601434508
Lawigan,10.49,122.04,302.69,70,100,2.89,PH,1601434509
Alagoa Grande,-7.16,-35.63,292.06,94,12,1.92,BR,1601434324
Ostrovo,55.48,32.14,280.95,73,17,2.75,RU,1601434509
Munster,52.98,10.08,284.26,93,75,1.0,DE,1601434509
El Barajuste,7.77,-61.97,296.72,89,56,3.46,VE,1601434510
Kabirwala,30.41,71.87,299.15,65,20,2.1,PK,1601434510
Spessart,50.45,7.12,285.37,97,99,1.02,DE,1601434510
Kasepen,-6.31,105.84,302.81,64,97,1.59,ID,1601434511
Dorfchemnitz,50.77,13.45,280.37,98,14,0.45,DE,1601434511
Shalqar,47.83,59.6,285.27,44,32,5.53,KZ,1601434511
South Whitley,41.08,-85.63,283.15,81,14,3.29,US,1601434512
Mitrovice,42.88,20.87,281.15,87,75,1.0,XK,1601434512
Casciana Terme,43.53,10.62,285.93,90,24,0.89,IT,1601434512
Arconsat,45.89,3.71,281.48,87,0,1.0,FR,1601434512
Trento,8.05,126.06,305.91,55,10,0.97,PH,1601434513
Orbeasca de Sus,44.15,25.32,284.82,86,0,6.89,RO,1601434513
Uskudar,41.02,29.02,291.15,77,0,4.6,TR,1601434513
Yarpturk,-38.3,142.43,288.71,82,100,4.47,AU,1601434514
Flammersfeld,50.65,7.53,284.82,99,66,0.89,DE,1601434514
Kallista,-37.88,145.37,291.48,68,94,0.45,AU,1601434514
Llantrisant,51.54,-3.37,285.15,87,100,4.1,GB,1601434514
Fehrbellin,52.8,12.77,281.15,100,28,0.5,DE,1601434515
Little Rock,47.87,-95.11,283.15,66,40,2.1,US,1601434515
Mönchhagen,54.15,12.22,282.59,93,20,1.0,DE,1601434515
Merville-Franceville-Plage,49.27,-0.2,288.15,100,75,2.1,FR,1601434515
Eg,48.68,110.18,278.56,84,100,0.37,MN,1601434516
Krasnovol'sk,43.54,39.89,292.15,72,100,7.0,RU,1601434516
Klempau,53.77,10.67,285.93,85,99,2.12,DE,1601434516
Niopanda,-8.55,121.9,299.38,63,81,2.82,ID,1601434517
Levash,60.52,44.88,281.77,86,100,2.56,RU,1601434517
Lanton,44.7,-1.04,283.15,93,90,1.77,FR,1601434517
Cañaveras,40.36,-2.4,287.05,41,100,1.29,ES,1601434517
Garrel,52.95,8.02,285.93,97,59,1.34,DE,1601434517
Anne Arundel County,39.0,-76.62,289.26,87,90,4.6,US,1601434518
Gasen,47.38,15.58,283.15,100,69,1.5,AT,1601434518
Gongli,34.83,109.14,295.15,68,100,7.0,CN,1601434518
Stuart,41.5,-94.32,289.15,44,1,2.6,US,1601434518
Rakhine State,19.0,94.25,304.46,63,0,0.99,MM,1601434519
Yaoshui,26.83,113.69,294.48,87,100,1.79,CN,1601434519
East Helena,46.59,-111.92,295.15,21,1,5.7,US,1601434519
Amazonas,-1.02,-71.94,295.15,91,100,0.79,CO,1601434520
Lianhe,47.13,129.27,287.83,44,0,1.38,CN,1601434520
Biddestone,51.46,-2.2,282.04,91,84,2.8,GB,1601434520
Sen monorom,12.45,107.25,300.08,62,100,1.47,KH,1601434521
An Giang,10.5,105.17,304.68,61,10,3.84,VN,1601434521
Potegem,50.86,3.44,286.48,93,1,2.84,BE,1601434521
Isbergues,50.62,2.46,287.59,99,55,3.04,FR,1601434522
Courida Park,6.82,-58.1,299.29,86,55,3.42,GY,1601434522
Sanbornville,43.55,-71.03,293.71,87,95,2.24,US,1601434522
Airsuning,-8.65,116.85,304.15,58,40,7.2,ID,1601434523
Tenares,19.37,-70.35,297.59,94,75,3.1,DO,1601434523
Bedesbach,49.57,7.47,285.93,100,90,1.7,DE,1601434523
Gresham,45.5,-122.43,297.59,44,40,1.29,US,1601434286
Frumuşiţa,45.67,28.07,286.77,72,48,4.15,RO,1601434524
Bucerías,20.75,-105.33,302.15,79,75,0.52,MX,1601434524
Theodore,30.55,-88.18,290.37,63,1,1.5,US,1601434524
Tacoaleche,22.82,-102.42,286.16,76,27,3.36,MX,1601434525
Commentry,46.28,2.75,281.48,98,0,0.93,FR,1601434525
Röckingen,49.05,10.57,283.15,100,75,1.5,DE,1601434525
Pishin,30.58,67.0,289.02,33,0,1.53,PK,1601434525
La Flamengrie,50.0,3.92,287.59,98,85,1.34,FR,1601434526
Víznar,37.23,-3.55,288.71,52,73,0.35,ES,1601434526
Ciudad Universitaria,-26.78,-65.35,295.15,43,1,4.1,AR,1601434526
Agua Blanca Sur,15.25,-87.88,292.15,100,75,2.1,HN,1601434526
Büstorf,54.55,9.78,286.48,100,97,2.1,DE,1601434527
Basauri,43.24,-2.89,286.48,100,0,1.5,ES,1601434527
Yur’yevets,57.32,43.1,284.08,76,100,4.87,RU,1601434527
Östermalm,59.34,18.08,285.15,100,12,0.5,SE,1601434527
Korner (historical),48.91,-112.32,285.93,58,0,4.47,US,1601434528
Kaynakkaya,37.33,40.93,295.15,35,0,3.6,TR,1601434528
Masaya,14.14,121.27,305.37,79,20,4.6,PH,1601434528
Vestbjerg,57.13,9.96,285.93,90,72,1.34,DK,1601434528
Lo Barnechea,-33.35,-70.52,282.15,70,11,3.6,CL,1601434529
Sul,40.84,-8.05,288.71,98,77,0.7,PT,1601434529
Wentworth,-34.11,141.91,291.15,68,90,4.1,AU,1601434529
Hillesheim,50.3,6.67,285.37,93,94,1.5,DE,1601434530
San Vincenzo Valle Roveto,41.83,13.52,284.82,89,38,0.94,IT,1601434530
Alcalá de Guadaira,37.34,-5.84,293.15,77,100,1.5,ES,1601434530
Tárnok,47.37,18.85,285.93,88,81,5.36,HU,1601434530
Maner,25.65,84.88,301.15,74,39,1.78,IN,1601434531
Waverly,39.13,-82.99,284.82,81,40,4.1,US,1601434531
Casekirchen,51.07,11.87,282.04,92,1,2.2,DE,1601434531
Oliva de Plasencia,40.11,-6.09,288.71,52,100,1.22,ES,1601434531
Göttern,50.9,11.46,283.71,92,96,1.3,DE,1601434531
Krajan,-8.01,112.77,302.48,49,20,1.38,ID,1601434532
Matalom,10.28,124.79,303.0,65,93,2.0,PH,1601434532
Kreis Siegen-Wittgenstein,50.97,8.24,282.04,95,70,0.6,DE,1601434532
Oyten,53.05,9.02,286.48,100,75,1.5,DE,1601434533
Rogliano,39.18,16.32,285.15,87,0,2.6,IT,1601434533
Jugazan,44.78,-0.15,284.26,93,20,1.04,FR,1601434533
Loei,17.49,101.73,301.15,78,40,0.5,TH,1601434533
Falls,31.27,-96.93,291.15,71,5,2.1,US,1601434534
Lan Sak,15.45,99.58,301.02,79,83,0.5,TH,1601434534
Gulf Gate Estates,27.25,-82.51,300.15,78,75,2.6,US,1601434534
Gandajika,-6.75,23.95,293.14,96,85,0.98,CD,1601434535
Latton,54.07,-6.95,285.37,88,100,3.58,IE,1601434535
Stohl,54.47,10.15,286.48,93,99,2.1,DE,1601434535
Stoob,47.52,16.48,283.15,91,56,3.01,AT,1601434535
Hohnhorst,52.37,9.37,287.59,100,90,1.5,DE,1601434536
Lenham,51.24,0.72,284.26,94,100,3.39,GB,1601434536
Khawr Maksar,12.81,45.03,302.32,69,0,3.89,YE,1601434461
Plessala,48.28,-2.62,285.93,97,85,1.34,FR,1601434536
Frimmersdorf,51.05,6.57,286.48,86,77,1.67,DE,1601434536
Auvergne Region,45.33,3.0,281.15,87,0,1.0,FR,1601434537
Vauderens,46.62,6.85,280.37,96,99,0.45,CH,1601434537
Tolomango,-8.51,118.61,309.83,32,98,3.0,ID,1601434537
East Lansdowne,39.95,-75.26,295.37,94,90,4.1,US,1601434537
Arrondissement des Sables-d'Olonne,46.67,-1.83,287.15,100,89,1.5,FR,1601434538
Adersleben,51.9,11.18,283.71,91,77,1.11,DE,1601434538
Wooster,40.81,-81.94,284.15,93,90,1.5,US,1601434538
Sankt Stefan im Rosental,46.92,15.72,283.15,100,59,1.5,AT,1601434538
Lantangan,12.2,123.27,303.0,73,100,4.49,PH,1601434539
Ravenel,32.76,-80.25,290.93,1,100,0.45,US,1601434539
Detung,-8.66,122.22,302.79,61,65,1.73,ID,1601434539
Zlaté Moravce,48.39,18.4,287.04,87,100,3.1,SK,1601434540
Varnado,30.89,-89.83,288.15,82,1,1.36,US,1601434304
Buynichi,53.85,30.26,284.2,72,98,5.26,BY,1601434540
Sedarak,39.71,44.89,287.15,47,26,0.5,AZ,1601434540
Singkawang,0.9,109.0,304.94,55,17,1.56,ID,1601434541
Marawis,10.25,122.89,302.03,73,100,2.01,PH,1601434541
Saint-Ouen,47.81,1.08,288.15,87,90,2.6,FR,1601434541
Fernmount,-30.47,152.93,294.26,56,75,6.7,AU,1601434542
Redkey,40.35,-85.15,283.71,61,1,2.6,US,1601434542
Salir de Matos,39.43,-9.09,289.82,99,99,4.02,PT,1601434542
Kukmirn,47.08,16.21,283.15,91,46,2.12,AT,1601434542
Langston,35.95,-97.26,289.82,41,1,3.1,US,1601434543
Hongsipu,37.4,106.06,293.03,48,53,4.2,CN,1601434543
Gmina Stronie Śląskie,50.3,16.88,284.82,71,100,1.34,PL,1601434543
Fraize,48.19,7.0,282.15,87,99,1.5,FR,1601434543
Arrimal,39.5,-8.88,289.26,100,100,1.34,PT,1601434544
Igirma,56.98,103.62,275.81,77,38,4.09,RU,1601434544
San José,12.1,-86.73,297.15,94,40,2.1,NI,1601434544
Tegau,50.65,11.87,281.48,81,18,1.85,DE,1601434545
Louroux-Hodement,46.46,2.71,281.48,98,0,0.88,FR,1601434545
Jatake,-6.87,106.26,301.34,66,38,1.35,ID,1601434545
Castillo de Garcimuñoz,39.66,-2.38,286.9,68,100,1.82,ES,1601434545
Ulyun,53.83,109.9,280.04,72,96,1.32,RU,1601434546
Seneca,34.69,-82.95,287.04,87,1,4.1,US,1601434546
Grand-Fort-Philippe,51.0,2.1,286.48,100,49,2.1,FR,1601434546
Jenin,52.7,15.1,283.15,97,60,0.45,PL,1601434546
Fort Bend,29.55,-95.78,292.59,77,1,1.08,US,1601434547
Wartkowice,51.98,19.0,285.37,93,75,2.1,PL,1601434547
Salluit,62.2,-75.63,271.68,95,100,9.36,CA,1601434547
Warkworth,-36.4,174.67,287.59,75,54,4.47,NZ,1601434548
Liesborn,51.72,8.27,283.71,96,50,1.93,DE,1601434548
Deutsch Evern,53.2,10.43,284.82,93,75,1.0,DE,1601434548
Epfenbach,49.33,8.92,286.48,96,41,0.75,DE,1601434548
Lentigny,46.0,3.98,281.48,100,90,1.24,FR,1601434549
Applethorpe,-28.62,151.97,288.15,58,100,1.79,AU,1601434549
Haringsee,48.19,16.77,286.15,82,20,6.2,AT,1601434549
Öd,48.05,12.45,283.71,87,100,1.35,DE,1601434550
Barnwood,51.86,-2.2,282.59,93,48,3.15,GB,1601434423
Sturno,41.02,15.11,283.15,87,5,6.2,IT,1601434550
Vetel’nitsy,56.15,42.69,280.15,81,100,1.0,RU,1601434550
Satteins,47.23,9.68,283.71,95,43,1.34,AT,1601434550
Westhoffen,48.6,7.44,286.48,100,40,1.0,FR,1601434551
Canton of Jura,47.33,7.33,282.59,100,90,0.5,CH,1601434551
Maicao,11.38,-72.24,300.28,82,100,5.15,CO,1601434551
Oisy-le-Verger,50.25,3.12,287.04,98,48,0.89,FR,1601434551
Khatanga,71.97,102.5,272.26,98,100,7.68,RU,1601434552
Chesterville,44.55,-70.09,292.04,95,59,1.34,US,1601434339
Saint-Étienne-de-Saint-Geoirs,45.34,5.34,283.15,100,27,1.5,FR,1601434552
Marth,51.38,10.0,285.93,89,98,1.57,DE,1601434552
Buzet-sur-Tarn,43.78,1.63,282.15,93,0,1.5,FR,1601434553
Borá,-22.27,-50.53,298.1,61,80,4.32,BR,1601434272
Dimitrovgrad,43.01,22.78,284.26,76,40,5.7,RS,1601434553
Weißenstadt,50.1,11.87,280.93,98,85,1.25,DE,1601434553
Kushoky,50.23,73.4,272.15,86,0,3.0,KZ,1601434554
Königsfeld im Schwarzwald,48.13,8.42,279.82,94,77,0.51,DE,1601434554
San Polo,44.89,10.36,285.93,92,65,0.21,IT,1601434554
Gawul,-7.66,108.08,299.88,75,86,3.77,ID,1601434555
Shāhpur,22.2,77.9,298.17,79,42,1.02,IN,1601434555
Cherán,19.68,-101.95,287.59,74,71,0.89,MX,1601434555
Brandenburg,38.0,-86.17,283.71,93,1,2.1,US,1601434455
Jesús de Otoro,14.48,-87.98,294.22,82,8,0.81,HN,1601434556
El Escorial,40.58,-4.13,288.15,62,100,1.12,ES,1601434556
L'Orient,46.6,6.24,282.59,92,100,0.44,CH,1601434556
Plan,50.94,14.13,282.04,85,91,0.97,DE,1601434556
Saint-Laurent-de-Gosse,43.53,-1.27,283.15,100,0,2.6,FR,1601434557
Hay Lakes,53.2,-113.05,284.15,32,20,3.6,CA,1601434557
Steinen,47.64,7.74,283.15,100,75,1.5,DE,1601434557
Apfelbach,50.66,9.94,285.37,99,100,1.34,DE,1601434557
Ligolambi,59.95,30.68,284.26,99,15,1.37,RU,1601434557
Dumbrava,45.82,22.12,285.37,87,90,3.1,RO,1601434558
Dukoh,-6.65,111.47,303.32,55,29,2.17,ID,1601434558
Ossenberg,51.57,6.58,287.04,97,96,2.76,DE,1601434558
Youdunjie,29.38,116.64,298.31,68,0,2.61,CN,1601434559
Villanueva de Viver,40.06,-0.63,288.71,93,91,1.0,ES,1601434559
Malinalco,18.95,-99.5,284.15,71,75,3.6,MX,1601434559
Güntersen,51.53,9.73,288.15,89,80,1.24,DE,1601434559
Buneşti,45.12,24.18,281.16,81,45,1.84,RO,1601434560
Limit,18.15,-77.47,300.15,83,40,0.5,JM,1601434560
Fürthen,50.78,7.67,284.26,94,54,1.03,DE,1601434560
Shorewood,44.9,-93.59,287.15,62,1,2.1,US,1601434560
Namir,49.11,91.72,275.77,73,72,1.39,MN,1601434561
Richfield,43.26,-88.19,284.26,87,75,2.1,US,1601434561
Pielgrzymowice,49.91,18.65,285.37,99,100,4.02,PL,1601434561
Jijelli,36.82,5.77,291.15,77,5,2.1,DZ,1601434562
San Juan del Cesar,10.77,-73.0,296.66,89,99,1.35,CO,1601434562
Lehrensteinsfeld,49.13,9.33,284.26,92,52,0.45,DE,1601434562
Oxnard Shores,34.19,-119.24,294.15,93,1,4.1,US,1601434247
Ostrów Mazowiecka,52.81,21.89,285.37,74,100,4.45,PL,1601434563
Bongancina Kaja,-8.33,114.95,303.15,84,20,5.7,ID,1601434563
Montierchaume,46.86,1.77,286.15,100,90,0.5,FR,1601434563
Geashill,53.24,-7.32,286.48,93,100,2.68,IE,1601434564
Bobbio,44.77,9.39,282.59,84,15,1.34,IT,1601434564
Gemeente Zevenaar,51.92,6.07,287.15,100,75,2.6,NL,1601434564
Färjestaden,56.65,16.45,282.04,100,90,1.5,SE,1601434564
Lake Heights,-34.49,150.88,294.26,60,100,1.79,AU,1601434565
Cihaur,-6.78,105.71,301.85,67,64,5.12,ID,1601434565
Polle,51.9,9.4,286.48,85,87,1.02,DE,1601434565
Ngampelrejo,-8.22,113.38,303.29,60,12,2.38,ID,1601434566
Jequié,-13.86,-40.08,293.76,88,43,1.22,BR,1601434566
Xilópolis,40.93,23.18,289.26,63,18,6.71,GR,1601434566
Batikent,39.97,32.73,290.15,72,19,3.1,TR,1601434567
Schwenke,51.18,7.43,283.15,91,91,1.63,DE,1601434567
Gunbarrel,40.06,-105.17,292.15,39,1,2.6,US,1601434567
Winthrop,44.54,-94.37,285.15,71,1,1.5,US,1601434567
Hohentauern,47.43,14.48,284.26,89,77,1.61,AT,1601434567
Le Malzieu-Ville,44.86,3.33,278.73,85,0,0.4,FR,1601434568
Dohār,23.59,90.15,303.15,70,56,2.68,BD,1601434568
Povorino,51.19,42.25,282.04,52,94,4.54,RU,1601434568
Vains,48.68,-1.42,286.48,100,90,2.6,FR,1601434568
San Miguel De Abona,28.1,-16.62,295.93,64,75,5.1,ES,1601434569
Añover de Tormes,41.13,-5.92,288.15,93,78,0.5,ES,1601434569
Purwodadi,-8.16,112.08,302.85,60,37,5.15,ID,1601434569
Sainte-Agathe,46.05,-74.28,287.15,93,90,1.5,CA,1601434570
Cofradía,15.4,-88.15,292.15,100,75,2.1,HN,1601434570
Velo d'Astico,45.79,11.37,284.82,89,50,1.82,IT,1601434570
Lejre Kommune,55.58,11.97,285.37,100,65,2.6,DK,1601434570
Ascea,40.14,15.19,285.93,83,0,0.89,IT,1601434571
Zhangjiayuan,34.7,107.1,292.42,63,99,2.4,CN,1601434571
Stainz bei Straden,46.82,15.89,280.93,72,65,0.89,AT,1601434571
La Tessoualle,47.0,-0.85,288.15,92,90,2.29,FR,1601434571
Zeihen,47.47,8.09,281.48,96,69,0.5,CH,1601434572
Carhaix-Plouguer,48.28,-3.57,286.15,93,75,4.1,FR,1601434572
Vrbátky,49.51,17.2,285.93,92,100,0.89,CZ,1601434572
Juazeiro,-9.41,-40.5,296.48,68,0,8.46,BR,1601434286
Alimos,37.92,23.72,294.26,40,0,1.34,GR,1601434572
Finnsnes,69.23,17.98,279.26,100,5,5.7,NO,1601434539
Mercus-Garrabet,42.88,1.63,283.71,56,0,1.44,FR,1601434573
Reisholz,51.18,6.87,286.15,93,90,3.1,DE,1601434573
Krivyye Verkhi,52.47,36.28,285.48,41,99,7.66,RU,1601434573
Puerto Cisnes,-44.75,-72.7,274.74,84,0,1.42,CL,1601434574
Quaal,54.23,10.97,286.15,93,95,2.1,DE,1601434574
San Sebastian,11.71,125.02,304.64,64,95,2.57,PH,1601434574
Algona,47.28,-122.25,293.15,64,40,2.1,US,1601434575
Zhengkeng,27.99,119.8,294.25,70,65,1.56,CN,1601434575
Volynka,52.07,23.68,286.0,83,100,5.15,BY,1601434575
Ataka-shimmachi,36.4,136.41,296.15,64,75,5.1,JP,1601434576
Basel,47.56,7.59,283.15,100,75,1.5,CH,1601434576
Krasnohrad,49.38,35.44,287.9,52,100,8.46,UA,1601434576
Jagersfontein,-29.76,25.43,277.21,57,0,1.68,ZA,1601434576
Sacramento,-19.87,-47.44,299.15,34,60,2.6,BR,1601434577
Nabburg,49.45,12.18,284.15,100,90,0.48,DE,1601434577
Dannenbüttel,52.48,10.63,285.93,90,96,1.17,DE,1601434577
Uryupinsk,50.8,42.01,282.59,52,99,4.47,RU,1601434577
Triguères,47.94,2.99,287.04,99,82,2.39,FR,1601434578
Bondeno,44.89,11.41,286.48,88,74,0.45,IT,1601434578
Freudenberg,49.48,11.98,284.15,100,90,0.32,DE,1601434578
General Alvarado,-24.85,-65.47,289.15,44,0,1.5,AR,1601434578
Xylaganí,40.98,25.42,287.59,73,0,0.45,GR,1601434579
Camprodon,42.31,2.36,285.93,89,0,1.23,ES,1601434579
Harding,-30.58,29.88,280.91,89,75,0.91,ZA,1601434579
Palavas-les-Flots,43.53,3.93,285.15,87,43,2.6,FR,1601434580
Clémencia,-20.26,57.71,295.15,88,40,3.6,MU,1601434580
Colleretto Giacosa,45.43,7.8,287.04,87,87,1.06,IT,1601434580
Surry,36.4,-80.68,285.37,98,100,1.61,US,1601434580
Arganda del Rey,40.3,-3.45,288.71,76,100,2.1,ES,1601434581
Jerome,42.72,-114.52,290.15,45,1,1.55,US,1601434581
Outjo,-20.12,16.15,284.88,40,17,1.52,NA,1601434581
Alba de Yeltes,40.67,-6.32,285.93,20,99,0.18,ES,1601434581
Banaz,38.74,29.75,285.44,67,0,0.72,TR,1601434582
Chagino,55.65,37.8,283.15,80,42,2.0,RU,1601434582
Ballószög,46.86,19.57,284.82,93,20,5.1,HU,1601434582
Alleghenyville,40.23,-75.99,289.82,100,90,2.6,US,1601434582
Quintanas de Gormaz,41.5,-2.96,279.82,72,25,0.51,ES,1601434583
Weatherford,32.76,-97.8,291.48,32,9,2.26,US,1601434583
Sirnagalih,-6.29,106.0,303.65,59,75,0.64,ID,1601434583
Water Mill,40.91,-72.36,295.93,100,90,4.1,US,1601434583
Lopatino,55.31,38.7,280.15,80,50,2.0,RU,1601434584
Piney,48.36,4.33,288.15,93,90,1.5,FR,1601434584
Monte Cristo,-31.34,-63.94,297.59,34,0,3.6,AR,1601434584
Castellbisbal,41.48,1.98,290.37,93,0,1.0,ES,1601434584
Goth Radhan,27.18,67.95,304.13,53,0,3.45,PK,1601434585
Garbagnate Milanese,45.58,9.07,288.71,81,88,0.49,IT,1601434585
Revelstoke,50.98,-118.2,285.15,100,1,0.34,CA,1601434585
Wrightsville Beach,34.21,-77.8,294.15,88,90,7.7,US,1601434585
Eiselfing,48.05,12.23,283.15,68,100,1.59,DE,1601434586
Itumba,-9.4,33.18,288.37,87,21,1.34,TZ,1601434586
Schillingen,49.63,6.78,285.37,98,100,1.23,DE,1601434586
Kawayan,11.68,124.36,302.48,71,95,3.42,PH,1601434587
Obukhovo,55.83,38.27,283.15,80,43,2.0,RU,1601434587
Logrosán,39.28,-5.5,291.43,32,95,0.85,ES,1601434587
Wistow,-35.1,138.87,287.04,89,100,1.79,AU,1601434587
Waynesboro,33.09,-82.02,289.15,82,20,3.6,US,1601434588
Feltre,46.02,11.91,281.48,97,69,1.62,IT,1601434588
Monte Lirio,8.78,-82.83,292.04,100,100,0.72,PA,1601434588
Xuyang,29.46,104.42,296.2,67,49,1.87,CN,1601434589
Zaslawye,54.01,27.27,283.15,100,20,5.0,BY,1601434589
Mansfield,-37.05,146.08,282.59,91,100,0.89,AU,1601434589
Romans d'Isonzo,45.89,13.44,284.26,100,1,0.5,IT,1601434590
Stabio,45.85,8.93,285.37,93,42,0.5,CH,1601434590
Bartlett,-26.17,28.25,286.48,91,45,4.58,ZA,1601434590
Sax,38.54,-0.82,290.93,82,95,2.1,ES,1601434590
Dongqiao,29.78,121.4,299.26,57,20,5.0,CN,1601434591
Cortes,9.28,126.19,302.0,69,3,2.52,PH,1601434591
Sofala Province,-19.76,34.93,295.15,94,75,1.0,MZ,1601434592
Manyas,40.05,27.97,291.15,77,75,3.1,TR,1601434592
Glarus,47.02,9.06,282.04,77,86,0.78,CH,1601434592
Perevozinskiy,52.22,48.17,283.51,69,67,2.6,RU,1601434592
Morsum,52.95,9.08,286.48,100,75,1.5,DE,1601434593
Torregamones,41.49,-6.18,288.15,46,71,1.11,ES,1601434593
Fuentemolinos,41.6,-3.85,284.72,43,43,0.74,ES,1601434593
Ntungamo,-0.88,29.65,289.63,87,42,1.19,UG,1601434593
Breiten,49.47,7.17,285.37,96,100,1.26,DE,1601434594
Gardnerville,38.94,-119.75,293.15,22,75,2.1,US,1601434594
Fiorano Canavese,45.47,7.83,287.04,87,92,1.17,IT,1601434594
Emtinghausen,52.93,8.97,286.48,100,75,1.5,DE,1601434594
Sporysz,49.68,19.23,282.59,3,100,3.13,PL,1601434595
Carlisle District,54.98,-2.83,280.15,93,81,5.1,GB,1601434595
Saint-Piat,48.55,1.58,288.15,91,82,1.34,FR,1601434595
Warra,-26.93,150.92,295.37,31,99,3.78,AU,1601434595
Hennepin,45.02,-93.45,287.04,66,55,2.1,US,1601434596
Lougheed,52.73,-111.55,283.25,46,0,4.73,CA,1601434596
Tandoc,15.97,120.33,303.68,68,92,2.13,PH,1601434596
Aspermont,33.13,-100.23,293.84,22,0,4.39,US,1601434596
Chudniv,50.05,28.12,286.12,90,100,6.92,UA,1601434597
Salgado de São Félix,-7.36,-35.44,296.15,88,20,1.5,BR,1601434597
Babkino,56.3,37.7,279.15,75,75,4.0,RU,1601434597
Schüpfheim,46.95,8.02,282.15,93,90,1.0,CH,1601434597
Bell,50.38,7.23,285.15,93,100,1.5,DE,1601434597
Legume,-28.4,152.3,288.15,58,99,1.79,AU,1601434598
Étauliers,45.23,-0.57,284.26,83,0,1.41,FR,1601434598
San Antonio,12.41,124.28,302.57,72,97,3.63,PH,1601434598
Dougou,31.36,118.01,297.28,62,0,4.48,CN,1601434599
Capriasca,46.09,8.99,283.15,93,60,0.5,CH,1601434599
Aleksandrovo,45.64,20.59,285.37,87,90,3.1,RS,1601434599
Zhangshan,29.45,117.73,297.04,93,1,2.13,CN,1601434600
Warsaw,41.24,-85.85,285.15,66,90,2.6,US,1601434354
Dori,14.04,-0.03,302.18,62,81,5.63,BF,1601434600
Swan,18.22,121.38,306.05,53,89,1.42,PH,1601434601
Figline Valdarno,43.62,11.47,285.93,100,63,0.5,IT,1601434601
Sanica,44.61,16.64,284.15,93,10,2.1,BA,1601434601
Dunnigan,38.89,-121.97,302.15,42,1,2.6,US,1601434601
Giovo,46.16,11.15,279.82,89,85,0.99,IT,1601434602
Tabuaças,41.63,-8.18,287.59,78,0,0.91,PT,1601434602
Barkhorst,53.75,10.38,285.93,92,89,1.81,DE,1601434602
Caitang,23.51,116.65,301.15,74,75,2.0,CN,1601434602
Makhachkala,42.98,47.5,289.15,63,100,9.0,RU,1601434603
Borovskiy,57.04,65.72,276.15,93,20,4.0,RU,1601434603
Chambly,45.45,-73.28,286.48,100,90,2.1,CA,1601434603
Fidenza,44.86,10.07,286.48,92,43,0.68,IT,1601434604
Krupnik,41.85,23.12,283.15,87,6,2.03,BG,1601434604
Tuneiras do Oeste,-23.87,-52.88,297.64,58,2,3.5,BR,1601434604
Laguitas,8.09,125.13,302.13,67,11,0.4,PH,1601434604
Korsakov,46.63,142.78,288.15,72,40,1.0,RU,1601434605
Bornos,36.82,-5.74,291.48,72,100,1.41,ES,1601434605
Quitilipi,-26.87,-60.22,297.05,49,0,3.15,AR,1601434605
Breuillet,48.57,2.17,287.04,91,51,2.85,FR,1601434606
Leggiuno,45.88,8.62,285.37,86,57,1.61,IT,1601434606
Genoa,40.78,-81.47,287.15,82,90,3.1,US,1601434606
Vendin-le-Vieil,50.47,2.87,287.04,93,75,1.5,FR,1601434606
Devin,41.74,24.4,288.15,54,20,9.3,BG,1601434607
Wobbenbüll,54.53,9.0,286.48,100,77,2.1,DE,1601434607
Zhangjiashan,28.09,115.48,297.48,75,30,4.3,CN,1601434522
Lenk,46.46,7.44,281.15,100,88,1.5,CH,1601434607
Rethwisch,53.87,9.6,286.48,94,89,2.04,DE,1601434607
Santana do Mundaú,-9.17,-36.18,294.15,94,29,1.5,BR,1601434324
Kummelnäs,59.35,18.28,285.15,100,37,0.5,SE,1601434608
Moses Lake,47.13,-119.28,297.15,33,1,3.1,US,1601434608
Xin’an,31.8,121.78,297.59,67,0,1.34,CN,1601434608
Šiauliai,55.93,23.32,280.15,100,3,3.1,LT,1601434569
Çaykara,40.75,40.24,297.15,69,68,4.1,TR,1601434609
Malschwitz,51.23,14.52,283.15,85,35,2.56,DE,1601434609
Cinnaminson,40.0,-74.99,295.37,100,90,2.6,US,1601434609
El Quisco,-33.4,-71.7,279.15,100,1,2.43,CL,1601434610
Saint-Maurice-sur-Adour,43.78,-0.45,279.15,93,40,1.0,FR,1601434610
Tuburan,13.24,123.56,305.28,60,100,1.63,PH,1601434610
Elstal,52.53,13.0,283.71,100,40,0.5,DE,1601434610
Shubarköl,48.88,68.81,281.75,81,0,4.37,KZ,1601434611
Wellbach,52.05,8.6,286.15,93,75,1.5,DE,1601434611
Güemes,-27.31,-65.29,295.15,43,0,4.1,AR,1601434611
West Gulfport,30.4,-89.09,292.15,67,1,2.6,US,1601434612
Tatabánya,47.58,18.39,287.04,82,75,6.7,HU,1601434612
Horleşti,47.12,27.37,285.37,93,77,1.0,RO,1601434612
Pakenjeng,-7.41,107.69,300.3,58,16,2.62,ID,1601434612
Vimianzo,43.11,-9.02,285.93,99,68,1.73,ES,1601434613
Lespourcy,43.37,-0.15,281.15,100,0,1.0,FR,1601434613
Wilwerwiltz,49.99,6.0,287.59,95,100,1.41,LU,1601434613
Stoke,53.26,-2.87,283.15,87,76,3.1,GB,1601434613
Wolfgruben,50.87,8.53,283.15,97,72,0.7,DE,1601434613
Leava,-14.3,-178.17,301.14,75,13,3.49,WF,1601434614
Fiorano Modenese,44.54,10.82,286.48,70,35,0.89,IT,1601434614
San Fernando,10.16,123.71,303.15,70,40,1.0,PH,1601434614
Lette,51.88,8.17,284.82,96,78,1.98,DE,1601434615
Magaramkent,41.62,48.35,282.66,71,71,1.21,RU,1601434615
Municipio Brion,10.42,-66.17,297.88,90,77,0.93,VE,1601434615
Barsukovskoye,44.71,41.84,283.71,8,59,6.71,RU,1601434615
Prolesha,42.78,23.15,284.26,76,40,5.7,BG,1601434616
San Marco d'Alunzio,38.07,14.7,293.15,80,23,1.34,IT,1601434616
Morainvilliers,48.93,1.94,288.15,87,64,3.1,FR,1601434616
Bangilan,-6.97,111.71,305.47,46,11,2.24,ID,1601434617
Molfsee,54.27,10.07,286.48,93,86,2.1,DE,1601434617
Corrales de Duero,41.67,-4.05,283.15,61,44,0.94,ES,1601434617
Bischofrod,50.55,10.65,285.37,96,99,1.11,DE,1601434617
Krasnogorskiy,41.15,69.67,286.15,37,75,2.1,UZ,1601434618
Zipaquirá,5.02,-74.0,287.15,67,40,2.1,CO,1601434618
Veganzones,41.19,-3.99,286.48,47,97,1.18,ES,1601434618
Rajadell,41.73,1.71,284.26,86,0,0.85,ES,1601434618
Križ,45.66,16.52,285.93,87,50,2.6,HR,1601434618
Albeşti,45.32,25.0,282.04,91,79,2.07,RO,1601434619
Salvada,38.35,-7.95,289.15,77,58,3.1,PT,1601434619
San Lucas,18.57,-100.78,297.79,82,100,0.47,MX,1601434619
Chausse Bas,45.42,3.12,281.15,87,0,1.0,FR,1601434619
Ţahţā,26.77,31.5,299.15,54,29,5.1,EG,1601434620
Hastrungsfeld-Burla,50.97,10.48,285.37,85,100,1.38,DE,1601434620
Campillo de Arenas,37.56,-3.64,289.82,48,84,0.95,ES,1601434620
Saint-Leu-la-Forêt,49.02,2.25,289.15,82,90,2.1,FR,1601434620
San Isidro de El General,9.37,-83.7,295.29,80,99,0.54,CR,1601434621
Sainte-Marie-aux-Mines,48.25,7.19,282.15,87,97,1.5,FR,1601434621
Griñón,40.22,-3.84,290.93,62,100,0.76,ES,1601434621
Tavoleto,43.84,12.59,288.15,87,95,1.5,IT,1601434621
Kretinga,55.88,21.25,281.15,93,24,3.1,LT,1601434622
Peresecina,47.25,28.77,287.15,87,75,2.6,MD,1601434622
Calvera,40.15,16.14,287.59,63,1,1.27,IT,1601434622
St Louis,38.63,-90.2,289.26,87,75,2.65,US,1601434405
Cartaya,37.28,-7.15,293.71,54,99,0.89,ES,1601434622
Reipoltskirchen,49.63,7.67,285.93,1,79,1.73,DE,1601434623
Phu Pha Man,16.64,101.9,302.74,68,73,0.67,TH,1601434623
Valle Salimbene,45.17,9.23,287.59,84,36,0.96,IT,1601434623
Digos,6.75,125.36,303.15,66,40,2.6,PH,1601434624
East Lynne,-25.71,28.28,290.15,72,75,1.5,ZA,1601434624
Drvar,44.37,16.38,277.04,79,0,3.58,BA,1601434624
Versam,46.79,9.34,279.82,73,75,0.5,CH,1601434625
Domnești,44.4,25.92,285.37,81,1,3.1,RO,1601434625
Sickenhausen,48.53,9.18,284.26,93,75,0.5,DE,1601434625
Castelló de Rugat,38.88,-0.39,289.26,90,74,2.24,ES,1601434625
Mount Irvine,-33.5,150.47,293.71,63,100,5.1,AU,1601434626
Llanberis,53.12,-4.13,286.15,87,100,10.3,GB,1601434626
Lipljan,42.52,21.13,282.04,87,75,1.0,XK,1601434626
Kliment,43.62,27.0,287.04,77,33,2.68,BG,1601434626
Ringgenberg (BE),46.71,7.89,282.15,100,90,1.5,CH,1601434627
